{
  "project_info": {
    "project_number": "448310542086",
    "firebase_url": "https://projeto-cm-android-773dc-default-rtdb.europe-west1.firebasedatabase.app",
    "project_id": "projeto-cm-android-773dc",
    "storage_bucket": "projeto-cm-android-773dc.firebasestorage.app"
  },
  "client": [
    {
      "client_info": {
        "mobilesdk_app_id": "1:448310542086:android:e7008a40fe27a371b42887",
        "android_client_info": {
          "package_name": "com.example.cmprojectandroid"
        }
      },
      "oauth_client": [],
      "api_key": [
        {
          "current_key": "AIzaSyAJBfEG6F6LFU6Rg39MLIqEOZ-SPkLCwaQ"
        }
      ],
      "services": {
        "appinvite_service": {
          "other_platform_oauth_client": []
        }
      }
    }
  ],
  "configuration_version": "1"
}